Time(s),AngularVelocityX(rad/s),AngularVelocityY(rad/s),AngularVelocityZ(rad/s),EstimatedIntegrationError,EulerAngleX(rad),EulerAngleY(rad),EulerAngleZ(rad),OrientationQuaternion0,OrientationQuaternion1,OrientationQuaternion2,PositionX(m),PositionY(m),PositionZ(m),TimeStep(s),VelocityX(m/s),VelocityY(m/s),VelocityZ(m/s)
0,0.0,0.0,0.0,7.082329679007796e-05,-3.141592653589793,-0.03490658503988667,1.5707963267948966,0.9998476951563913,0.0,0.01745240643728351,0.0,0.0,893.0,0.01,0.0,0.0,0.0
0.01,0.0,0.0,0.0,3.2670049893822733e-05,-3.141592653589793,-0.03490658503988667,1.5707963267948966,0.9998476951563913,0.0,0.01745240643728351,0.0,0.0,893.0,0.010092964129156152,0.0,0.0,0.0
0.020092964129156152,0.0,0.0,0.0,7.096918109752061e-05,-3.141592653589793,-0.03490658503988667,1.5707963267948966,0.9998476951563913,0.0,0.01745240643728351,0.0,0.0,893.0,0.010190739881365308,0.0,0.0,0.0
0.03028370401052146,0.0,0.0,0.0,5.1423677924546996e-05,-3.141592653589793,-0.03490658503988667,1.5707963267948966,0.9998476951563913,0.0,0.01745240643728351,0.0,0.0,893.0,0.010285658342558734,0.0,0.0,0.0
0.040569362353080195,0.0,0.0,0.0,6.166800000113141e-05,-3.141592653589793,-0.03490658503988667,1.5707963267948966,0.9998476951563913,0.0,0.01745240643728351,0.0,0.0,893.0,0.01038357059627245,0.0,0.0,0.0
0.050952932949352644,0.0,0.0,0.0,2.0045338011377628e-05,-3.141592653589793,-0.03490658503988667,1.5707963267948966,0.9998476951563913,0.0,0.01745240643728351,0.0,0.0,893.0,0.010481452901405779,0.0,0.0,0.0
0.06143438585075842,0.0,0.0,0.0,2.4661305110974624e-06,-3.141592653589793,-0.03490658503988667,1.5707963267948966,0.9998476951563913,0.0,0.01745240643728351,1.2498182685699247e-05,0.0,893.0003518916953,0.010584725940972518,0.0016468140849435428,0.0,0.023550538615630046
0.07201911179173094,0.0,0.0,0.0,1.455135829156027e-05,-3.141592653589793,-0.03490658503988667,1.5707963267948966,0.9998476951563913,0.0,0.01745240643728351,8.062318679855567e-05,0.0,893.0015014857138,0.010690988009052202,0.01008476595626961,0.0,0.14421887221766203
0.08271009980078314,0.0,0.0,0.0,5.910304575659316e-05,-3.141592653589793,-0.03490658503988667,1.5707963267948966,0.9998476951563913,0.0,0.01745240643728351,0.00027653315705906067,0.0,893.0044807569141,0.010797138156601355,0.025355681990031166,0.0,0.36260314585075715
0.0935072379573845,0.0,0.0,0.0,0.0001006427927229863,-3.141592653589793,-0.03490658503988667,1.5707963267948966,0.9998476951563913,0.0,0.01745240643728351,0.0006770130404344212,0.0,893.0103877945527,0.010899644239986392,0.047797028927591585,0.0,0.6835293587558929
0.10440688219737089,0.0,0.0,0.0,4.291191465432107e-05,-3.141592653589793,-0.03490658503988667,1.5707963267948966,0.9998476951563913,0.0,0.01745240643728351,0.0013737927711045287,0.0,893.0205343535301,0.010998705126174471,0.07940146290078368,0.0,1.135493821238801
0.11540558732354536,0.0,0.0,0.0,2.384083004511961e-05,-3.141592653589793,-0.03490658503988667,1.5707963267948966,0.9998476951563913,0.0,0.01745240643728351,0.002482034651428616,0.0,893.0365672888115,0.011105128259950164,0.12151815542288352,0.0,1.7377905848339061
0.12651071558349553,0.0,0.0,0.0,1.1844260060899844e-05,-3.141592653589793,-0.03490658503988667,1.5707963267948966,0.9998476951563913,0.0,0.01745240643728351,0.004126707118498658,0.0,893.0602738718467,0.011214818216883776,0.17376643805864916,0.0,2.484975837294348
0.1377255338003793,0.0,0.0,0.0,2.7712618830891127e-05,-3.141592653589793,-0.03490658503988667,1.5707963267948966,0.9998476951563913,0.0,0.01745240643728351,0.006419929573702236,0.0,893.093257557589,0.011327060548577045,0.23380664486131675,0.0,3.3435907967632623
0.14905259434895635,0.0,0.0,0.0,5.928078042300482e-05,-3.141592653589793,-0.03490658503988667,1.5707963267948966,0.9998476951563913,0.0,0.01745240643728351,0.0094482961732673,0.0,893.1367567594122,0.011438754591948319,0.2992228727251922,0.0,4.279086439217564
0.16049134894090467,0.0,0.0,0.0,4.34490670568054e-05,-3.141592653589793,-0.03490658503988667,1.5707963267948966,0.9998476951563913,0.0,0.01745240643728351,0.013283750281237978,0.0,893.1918003243596,0.01154806417880927,0.36992182958649555,0.0,5.2901286259887375
0.17203941311971394,0.0,0.0,0.0,0.00010619455782695262,-3.141592653589793,-0.03490658503988667,1.5707963267948966,0.9998476951563913,0.0,0.01745240643728351,0.018009333501893453,0.0,893.2595757803879,0.011660373100479515,0.44683059030687833,0.0,6.389975145268247
0.18369978622019345,0.0,0.0,0.0,6.924447908514309e-05,-3.141592653589793,-0.03490658503988667,1.5707963267948966,0.9998476951563913,0.0,0.01745240643728351,0.023700202495812193,0.0,893.3411579869853,0.011766583698168298,0.5271123847307739,0.0,7.538058293814334
0.19546636991836175,0.0,0.0,0.0,9.509641806547932e-05,-3.141592653589793,-0.03490658503988667,1.5707963267948966,0.9998476951563913,0.0,0.01745240643728351,0.030397307170435886,0.0,893.4371324693986,0.011878235803564619,0.6088854478695513,0.0,8.707467578551022
0.20734460572192637,0.0,0.0,0.0,0.00012781109084834791,-3.141592653589793,-0.03490658503988667,1.5707963267948966,0.9998476951563913,0.0,0.01745240643728351,0.038140816176504014,0.0,893.5480737773621,0.011988006110811772,0.6930819954537379,0.0,9.911534305519838
0.21933261183273814,0.0,0.0,0.0,7.206349548014972e-06,-3.141592653589793,-0.03490658503988667,1.5707963267948966,0.9998476951563913,0.0,0.01745240643728351,0.0469935169049788,0.0,893.6748797988613,0.012094996696135535,0.7819595716546871,0.0,11.182542860475095
0.23142760852887367,0.0,0.0,0.0,6.494462984085855e-05,-3.141592653589793,-0.03490658503988667,1.5707963267948966,0.9998476951563913,0.0,0.01745240643728351,0.05702044376198504,0.0,893.8184805399671,0.01221766570392982,0.8737584194010016,0.0,12.495327544845852
0.2436452742328035,0.0,0.0,0.0,4.439921815989215e-05,-3.141592653589793,-0.03490658503988667,1.5707963267948966,0.9998476951563913,0.0,0.01745240643728351,0.06827368194437884,0.0,893.9796211445431,0.012334668452783276,0.965621469960109,0.0,13.8090303722151
0.25597994268558677,0.0,0.0,0.0,9.166406864629912e-06,-3.141592653589793,-0.03490658503988667,1.5707963267948966,0.9998476951563913,0.0,0.01745240643728351,0.08076827063213465,0.0,894.158516606063,0.012455469715529077,1.0581016044886113,0.0,15.131557911483034
0.26843541240111585,0.0,0.0,0.0,2.7877181156497647e-05,-3.141592653589793,-0.03490658503988667,1.5707963267948966,0.9998476951563913,0.0,0.01745240643728351,0.094557182893925,0.0,894.355924561542,0.01258199345778116,1.1542423330651634,0.0,16.50643438453343
0.281017405858897,0.0,0.0,0.0,7.563764590799375e-05,-3.141592653589793,-0.03490658503988667,1.5707963267948966,0.9998476951563913,0.0,0.01745240643728351,0.10972262956405812,0.0,894.573020803253,0.01270760362522727,1.254241017422361,0.0,17.936482195635993
0.2937250094841243,0.0,0.0,0.0,3.317935540132188e-05,-3.141592653589793,-0.03490658503988667,1.5707963267948966,0.9998476951563913,0.0,0.01745240643728351,0.1263202866443272,0.0,894.810601541755,0.012828551714861303,1.3554120243972554,0.0,19.38329500123943
0.3065535611989856,0.0,0.0,0.0,6.338002013252101e-05,-3.141592653589793,-0.03490658503988667,1.5707963267948966,0.9998476951563913,0.0,0.01745240643728351,0.14437627998840097,0.0,895.0690403347757,0.012956253362377768,1.4572315569540994,0.0,20.83938215474927
0.31950981456136335,0.0,0.0,0.0,0.000232207338833288,-3.141592653589793,-0.03490658503988667,1.5707963267948966,0.9998476951563913,0.0,0.01745240643728351,0.16394526615485244,0.0,895.3491189499396,0.013081473099662733,1.5612900732755333,0.0,22.327488267830706
0.3325912876610261,0.0,0.0,0.0,0.00018693152728000974,-3.141592653589793,-0.03490658503988667,1.5707963267948966,0.9998476951563913,0.0,0.01745240643728351,0.18507041254603218,0.0,895.6514546896086,0.01318596379548903,1.665614244223574,0.0,23.8193934190668
0.3457772514565151,0.0,0.0,0.0,8.295906342180207e-05,-3.141592653589793,-0.03490658503988667,1.5707963267948966,0.9998476951563913,0.0,0.01745240643728351,0.20773299103411558,0.0,895.9757793839827,0.013297396614152468,1.7692691242961014,0.0,25.301727264863516
0.3590746480706676,0.0,0.0,0.0,0.00015581524435760396,-3.141592653589793,-0.03490658503988667,1.5707963267948966,0.9998476951563913,0.0,0.01745240643728351,0.23197342223863826,0.0,896.3226712185547,0.01342374972719751,1.8743602676679298,0.0,26.804600632760298
0.3724983977978651,0.0,0.0,0.0,0.00019887359823705673,-3.141592653589793,-0.03490658503988667,1.5707963267948966,0.9998476951563913,0.0,0.01745240643728351,0.2578724921685714,0.0,896.6932857779407,0.013541682111857689,1.9819213678748082,0.0,28.342796029023617
0.3860400799097228,0.0,0.0,0.0,0.0001706882891607285,-3.141592653589793,-0.03490658503988667,1.5707963267948966,0.9998476951563913,0.0,0.01745240643728351,0.2854690414670996,0.0,897.0881783818594,0.013654970605022854,2.0915317752457745,0.0,29.910297883098043
0.39969505051474563,0.0,0.0,0.0,7.672430652057244e-05,-3.141592653589793,-0.03490658503988667,1.5707963267948966,0.9998476951563913,0.0,0.01745240643728351,0.3148006915788405,0.0,897.5078869817829,0.013773207559485912,2.2023002064597157,0.0,31.49436024966817
0.41346825807423154,0.0,0.0,0.0,0.00011238165596635856,-3.141592653589793,-0.03490658503988667,1.5707963267948966,0.9998476951563913,0.0,0.01745240643728351,0.34592405029012296,0.0,897.9532212202987,0.013905576403671127,2.314440113281979,0.0,33.09803563119213
0.42737383447790267,0.0,0.0,0.0,5.937274129289447e-05,-3.141592653589793,-0.03490658503988667,1.5707963267948966,0.9998476951563913,0.0,0.01745240643728351,0.37891168640767287,0.0,898.4252191605244,0.014034434114246819,2.4276027632189456,0.0,34.71633692066581
0.4414082685921495,0.0,0.0,0.0,2.600722273971196e-05,-3.141592653589793,-0.03490658503988667,1.5707963267948966,0.9998476951563913,0.0,0.01745240643728351,0.4138062010998447,0.0,898.9244899913331,0.014172105452142425,2.5429623347382684,0.0,36.36605565248093
0.4555803740442919,0.0,0.0,0.0,6.037065294084184e-05,-3.141592653589793,-0.03490658503988667,1.5707963267948966,0.9998476951563913,0.0,0.01745240643728351,0.4506936619470843,0.0,899.4522647247323,0.014316048153310723,2.6598256441299104,0.0,38.037278837745674
0.46989642219760264,0.0,0.0,0.0,9.574033636836666e-05,-3.141592653589793,-0.03490658503988667,1.5707963267948966,0.9998476951563913,0.0,0.01745240643728351,0.48962192661727844,0.0,900.0092279022077,0.014456729458707018,2.7757131430846194,0.0,39.694547283622015
0.48435315165630966,0.0,0.0,0.0,7.50217818699562e-05,-3.141592653589793,-0.03490658503988667,1.5707963267948966,0.9998476951563913,0.0,0.01745240643728351,0.5306145557300492,0.0,900.5957164263214,0.01459387259894307,2.893465366305224,0.0,41.378482528885726
0.4989470242552527,0.0,0.0,0.0,3.929443781571259e-05,-3.141592653589793,-0.03490658503988667,1.5707963267948966,0.9998476951563913,0.0,0.01745240643728351,0.5737473036514946,0.0,901.2128135992266,0.014735535177673453,3.0149931303500117,0.0,43.11641052341468
0.5136825594329262,0.0,0.0,0.0,2.9659268253919778e-05,-3.141592653589793,-0.03490658503988667,1.5707963267948966,0.9998476951563913,0.0,0.01745240643728351,0.6190813474492305,0.0,901.861394409687,0.014884042213936577,3.1346197400397524,0.0,44.82715074400961
0.5285666016468628,0.0,0.0,0.0,3.844428966217402e-06,-3.141592653589793,-0.03490658503988667,1.5707963267948966,0.9998476951563913,0.0,0.01745240643728351,0.6666405351602808,0.0,902.5418000582646,0.01503569392701709,3.2535602293878076,0.0,46.528078986586145
0.5436022955738798,0.0,0.0,0.0,5.3974878727242767e-05,-3.141592653589793,-0.03490658503988667,1.5707963267948966,0.9998476951563913,0.0,0.01745240643728351,0.7165016228405967,0.0,903.255128301019,0.015192994526322612,3.377010376791131,0.0,48.293498343942964
0.5587952901002025,0.0,0.0,0.0,9.572693718442377e-05,-3.141592653589793,-0.03490658503988667,1.5707963267948966,0.9998476951563913,0.0,0.01745240643728351,0.7687924997537333,0.0,904.0032081803193,0.015344548612348685,3.503169585319751,0.0,50.097659080321684
0.5741398387125511,0.0,0.0,0.0,0.0003851875915133055,-3.141592653589793,-0.03490658503988667,1.5707963267948966,0.9998476951563913,0.0,0.01745240643728351,0.8235171217296549,0.0,904.786096193955,0.015491425656173119,3.6264382437978417,0.0,51.86048302512946
0.5896312643687243,-3.0689639591099704e-05,-0.0002802866056029926,7.002921087796132e-08,0.00010082343871310921,3.14159255642266,-0.03490569663775541,1.570796326573672,0.999847702908669,-4.857809793972179e-08,0.01745196230387011,0.8805917931665392,-3.4731931313098275e-07,905.6037438705973,0.015595049293962604,3.7250541044479992,-0.00010969802627468281,53.63197447862838
0.6052263136626869,-0.00010478931390090274,-0.0009015712292894682,2.266314168377604e-07,3.971537276894262e-05,3.141591507530838,-0.034896496866916656,1.5707963242482363,0.9998477831749552,-5.729644693101913e-07,0.01744736311881171,0.9392583533525067,-4.08821528712729e-06,906.4548918258047,0.015743896915315525,3.796370073829913,-0.00037302426551293327,55.45773755221452
0.6209702105780024,-0.0001705792007491183,-0.0015548961902544563,3.5760423767426913e-07,1.8718107902125246e-05,3.1415893194575664,-0.034877201679085174,1.5707963195539918,0.9998479514522731,-1.666875770928263e-06,0.017437716992583598,0.999619683509102,-1.185086879592126e-05,907.3432249622888,0.015904016462718662,3.8685933061447537,-0.0006032478083785065,57.30564611792668
0.636874227040721,-0.0002205090902335801,-0.002247108140534205,4.520763037569046e-07,3.6977154220714516e-05,3.141586186918908,-0.034847010744723315,1.5707963129110707,0.9998482145650011,-3.2329656156285816e-06,0.01742262381857705,1.061734427966142,-2.2872190036567754e-05,908.2696877123133,0.016069349423961987,3.9397180037530735,-0.0007719216743343408,59.117972829018925
0.652943576464683,-0.0002528889089335352,-0.0029790586825881116,5.087416286124022e-07,9.631686207574833e-05,3.14158236017258,-0.034805062402733206,1.5707963047814135,0.9998485797621511,-5.146120826537529e-06,0.017401652827151243,1.1256375882161591,-3.616465560057872e-05,909.2348685031614,0.016233718055786328,4.011195883688109,-0.000871491421917545,60.93682975836994
0.6691772945204694,-0.00029124634892498694,-0.0037277467375696786,5.678516486651293e-07,2.836214233324652e-05,3.141577967405121,-0.03475062092829942,1.5707962953802914,0.9998490530638264,-7.342256824510561e-06,0.01737443620496418,1.191366406113422,-5.1141417778474335e-05,910.2397751388727,0.01639038089483391,4.083985689630319,-0.0009832680793371265,62.79296786318285
0.6855676754153033,-0.0003481184212718367,-0.004480091123708797,6.443238095371341e-07,6.0982851701543784e-06,3.14157275359598,-0.03468334955303061,1.5707962842951015,0.999849636876802,-9.948869284677935e-06,0.017340805584224784,1.258927864742322,-6.853594810528626e-05,911.2849689147832,0.01655994553708684,4.157102108182112,-0.0011497665378868676,64.66032989798981
0.7021276209523901,-0.00042468449213109926,-0.005234285146418117,7.326162323157535e-07,0.00019132136101922124,3.1415663799050546,-0.03460290718350294,1.570796271041827,0.9998503334990125,-1.3135358505363129e-05,0.017300590432437066,1.328397127624874,-8.93398173212493e-05,912.3718651874377,0.01673522077855194,4.230251672951074,-0.001372652378902762,66.53130838267779
0.7188628417309421,-0.0005046941314197287,-0.006004837824187942,8.119994729943443e-07,6.621597139794804e-05,3.1415585919481677,-0.034508887958522916,1.5707962552463444,0.9998511456295459,-1.7028902937079954e-05,0.017253587835355837,1.3998323455388004,-0.00011419170182260188,913.5017840589488,0.01688160611525702,4.304201282056848,-0.0015920412651954684,68.42727654035558
0.7357444478461991,-0.0005764737399608923,-0.006799996997034783,8.71128919750365e-07,0.00014048351515479884,3.1415494535486546,-0.034400829140139796,1.5707962368262516,0.9998520762830819,-2.1597599128302058e-05,0.017199566441640793,1.4731463833099196,-0.00014257103235974772,914.6737738317537,0.01705063999527512,4.378484074761572,-0.0017648805227741839,70.33504364050214
0.7527950878414742,-0.0006393407744882133,-0.007619348112423241,9.103643649198305e-07,8.762355052334956e-05,3.141539077731088,-0.03427791836200365,1.5707962156499122,0.9998531312755187,-2.6784947458043194e-05,0.01713812010817356,1.548446646075454,-0.00017375373920225915,915.8896325771286,0.01720896398161309,4.451019381852051,-0.0018888913924907397,72.194822750633
0.7700040518230873,-0.000723358438234939,-0.008431098601054465,9.535254783376671e-07,2.123787964417918e-06,3.1415274064064347,-0.03413976668588304,1.5707961914147086,0.9998543125468013,-3.261999424870182e-05,0.017069054370682884,1.625692098299608,-0.00020756409163735003,917.1487755639217,0.017378117111760405,4.523890208294045,-0.0020617308909291077,74.0715068666737
0.7873821689348477,-0.0008466603035728968,-0.009216576921313127,1.0044398806246342e-06,4.484201985630018e-05,3.141513822515729,-0.03398637230381037,1.5707961633615697,0.9998556185098975,-3.941123473829069e-05,0.016992368298166596,1.704978172999889,-0.000245599527791445,918.4534344090785,0.017564079605214666,4.5979117155912395,-0.0023394474109097044,75.99182055371016
0.8049462485400624,-0.0010093195053045227,-0.009973699319712368,1.0515005562573114e-06,0.00016445168898144964,3.1414975672855774,-0.033817798276054974,1.5707961306552694,0.9998570468408827,-4.753801387349973e-05,0.01690809338609739,1.786397751540441,-0.0002898926011309967,919.8054397413983,0.0177448302636507,4.670132561398477,-0.002722820997141219,77.87010629815349
0.8226910788037131,-0.0011555083134577458,-0.01075219764983891,1.0702543703340325e-06,0.00011564438051836372,3.1414783030633493,-0.033633957581697176,1.5707960925389164,0.9998585963103296,-5.7169148137103815e-05,0.016816186097405796,1.8699339318059855,-0.0003409645426474418,921.2046767709546,0.017906498409030025,4.742644720134593,-0.003012214063605934,79.76378513906533
0.8405975772127431,-0.0012620217575738243,-0.011570386791377852,1.0526892466336425e-06,6.330759121473501e-05,3.1414565967043213,-0.03343414605637948,1.570796048445665,0.9998602706749669,-6.802126375643281e-05,0.016716294363905815,1.955541891561134,-0.00039606237091168947,922.650992717633,0.01807865488452043,4.816122756840837,-0.0031209995866718432,81.69230045567065
0.8586762320972635,-0.0013354127432101566,-0.012419013033230458,1.0029235658863933e-06,4.1009862278718425e-05,3.1414331073860553,-0.03321729158528999,1.570795997742702,0.9998620764312562,-7.976483187742673e-05,0.016607882162704507,2.0433020485587803,-0.000452016024001181,924.1461735244064,0.018262225886199634,4.889982716621827,-0.0030674315744667435,83.6405335185158
0.8769384579834631,-0.0014314852215819942,-0.013241393950991599,9.444470386227857e-07,3.269858353338538e-05,3.141407896333426,-0.03298290984571265,1.5707959395757194,0.9998640147725402,-9.236925907654828e-05,0.016490707319870138,2.133310562298286,-0.0005074900579567388,925.6925048040815,0.018452049046402852,4.964622805369027,-0.0030314250801819712,85.6276945664428
0.895390507029866,-0.001563735922415722,-0.014020492764195449,8.750736373049819e-07,1.7939256793400426e-05,3.14138031972952,-0.03273130667757354,1.570795872812505,0.9998660800489709,-0.00010615642735871544,0.016364922684184813,2.225628601034816,-0.0005634296482549706,927.2916495686742,0.018645706817866703,5.038624968715952,-0.003059242975070946,87.61402334310739
0.9140362138477327,-0.0017202403861426244,-0.014762884377055446,7.850961867989461e-07,0.0002445241902164798,3.1413496957605167,-0.03246293440161044,1.5707957962189318,0.9998682652502233,-0.00012146721806551899,0.016230754333059212,2.320293464039518,-0.000620814329557777,928.9447452339282,0.018844487905289697,5.112898742123605,-0.0030980871935116987,89.62785365184985
0.9328807017530224,-0.001865268632468895,-0.015498065862756377,6.661467060270994e-07,0.00015920287282327104,3.141315891605188,-0.03217778343626017,1.5707957084079724,0.9998705669993283,-0.00013836805648435386,0.01608819742215543,2.4173777314584357,-0.0006784224717906386,930.6539082909442,0.01900299793146487,5.1879514067828705,-0.0030173821723752446,91.6831985336393
0.9518836996844873,-0.0019962380246847057,-0.01622102845389041,5.190690136516943e-07,2.1825490830166135e-05,3.1412791829517825,-0.03187636894734187,1.5707956081420091,0.999872977544148,-0.00015672113815222907,0.01593750944535914,2.516705781374889,-0.0007336988530990856,932.4167300504225,0.019179343087873058,5.2632951225077,-0.002802465972142317,93.76774053128597
0.9710630427723603,-0.0021315143958468754,-0.01690896650333543,3.467046396257736e-07,0.00012440408993127816,3.1412396300770156,-0.03155857045509632,1.5707954938906366,0.9998754940844063,-0.00017649635250828035,0.015778630113292474,2.61840620984286,-0.000784357987171168,934.2362952818786,0.019384007333837827,5.3389906464607195,-0.00250344486825787,95.88729909130197
0.9904470501061982,-0.0022855889126448324,-0.01754229923818291,1.4831252198893545e-07,0.00016242243573354688,3.1411968517561446,-0.03122456331628608,1.570795364009747,0.999878111224541,-0.00019788431283845867,0.015611647033291879,2.722649029511232,-0.0008294306403512742,936.1163125444552,0.01957131999215589,5.413776522930016,-0.0021713455847012417,98.00546158893245
1.010018370098354,-0.00246479356671403,-0.018106955281556605,-7.874262549168661e-08,0.00011555383998800115,3.14115043621339,-0.030875558852242253,1.570795217093401,0.9998808154061332,-0.00022109090437875348,0.015437165731853724,2.8293666319054442,-0.0008679139361105307,938.0563764535369,0.019753330112893153,5.489295720678873,-0.0017951695804377175,100.17795940674833
1.0297717002112472,-0.0027015729368777726,-0.018564025102507684,-3.3932095119644325e-07,5.265370504646483e-05,3.1410995174011616,-0.030513170227651463,1.570795051810601,0.9998835901657888,-0.00024654912193723916,0.015255992637383342,2.938571670318891,-0.0008996880865249846,940.0578663972597,0.019946626968553538,5.564563929822191,-0.0014780513401607988,102.3790942269791
1.0497183271798007,-0.003004456409794823,-0.018897310216709737,-6.419008937200897e-07,0.000180503751716432,3.1410427224264454,-0.030139335969819603,1.5707948667848983,0.9998864169001991,-0.00027494535767665616,0.015069096846914208,3.050331091804384,-0.000926313110644211,942.1227429309424,0.0201547261979087,5.638473494466503,-0.0012483458661995143,104.57573743036129
1.0698730533777094,-0.0033386280485272956,-0.019132087367555967,-9.908534847048478e-07,0.000199732683899987,3.1409787887621747,-0.029755985722578447,1.5707946603839387,0.999889277603082,-0.00030691083512258017,0.014877443025328733,3.1647458691901402,-0.0009483095395274833,944.253836991611,0.020339587515869173,5.7126415183693515,-0.0009481149909124416,106.81968231399617
1.0902126408935786,-0.00366323492868375,-0.01929813758317355,-1.3831526876859236e-06,0.0002366958656915991,3.140907564474897,-0.029365033726307298,1.5707944308354684,0.999892155118369,-0.0003425215473959805,0.014681988148994074,3.28171459803337,-0.0009622527591693148,946.4503704993919,0.02052256836338251,5.786083529346088,-0.0004449675857431711,109.07642629583813
1.1107352092569611,-0.003975289361768557,-0.01938897750208702,-1.8156333676035182e-06,5.9799302266618386e-05,3.140829161409391,-0.028967919370771575,1.5707941762631112,0.9998950364257262,-0.0003817216128736186,0.014483451805123186,3.4012295664340972,-0.0009637122697267553,948.7129397638366,0.020699740544529943,5.8583638614028315,0.00028109453194558357,111.33281549044983
1.131434949801491,-0.00427099254685929,-0.019398796347090293,-2.2840243421763697e-06,0.00016467001881368182,3.1407437862665963,-0.028566325712356077,1.570793895174725,0.9998979072926618,-0.00042440772052517687,0.014282675410328646,3.523271109782114,-0.0009472073766405131,951.0421366471975,0.020915059390103075,5.9307489685980075,0.0012959598653072939,113.63406285011867
1.1523500091915941,-0.004547103570066546,-0.019321537692623677,-2.784126194518426e-06,0.00020468618601445656,3.1406515322448496,-0.028161255443141804,1.5707935858871531,0.9999007588866176,-0.0004705333044502502,0.014080160242042606,3.6480935762733178,-0.0009060087280539563,953.4440640962046,0.02111068421116169,6.002607001583629,0.0026157784192466747,115.9596999118548
1.1734606934027558,-0.004774622319230621,-0.019175087173321476,-3.3085117138942828e-06,2.5030483309336016e-05,3.1405530237662136,-0.027754816256723918,1.5707932478855822,0.9999035752140942,-0.0005197861985208465,0.013876960033425935,3.7755951832329324,-0.0008322993118880155,955.9178312343663,0.021299691083131123,6.0745754243836,0.004377248977970908,118.33188533552878
1.194760384485887,-0.004930844223766649,-0.018971698188686072,-3.846999076928459e-06,0.00012520675479787673,3.1404495379689013,-0.027348457647221765,1.5707928807541516,0.999906345850991,-0.0005715279041629081,0.013673799464509681,3.905781185205776,-0.000714343660590791,958.4650939936002,0.02152865626942413,6.146673371580161,0.00667393205689938,120.7510677642118
1.216289040755311,-0.005005480967697716,-0.018711430484239764,-4.389329278345281e-06,2.499188910163233e-05,3.140342420329288,-0.02694274048246426,1.5707924839775662,0.9999090670784706,-0.0006250857512192896,0.013470958952737574,4.038887022229348,-0.0005407447797046508,961.0911377077268,0.021738516156521115,6.216093789184846,0.009439151283468783,123.11516062347631
1.2380275569118322,-0.004980707341997098,-0.01840227930527069,-4.9220897878160444e-06,0.0002930634311638292,3.140233703040117,-0.026539257246123302,1.570792058776985,0.999911728925471,-0.0006794437180662391,0.013269234687366564,4.174792892628546,-0.0002985589121118309,963.7944030422742,0.02197220696839275,6.285009553894459,0.012826579587778521,125.50288219616009
1.259999763880225,-0.0048627178932846874,-0.01802887617477558,-5.4319558178131635e-06,3.877976920308093e-06,3.1401254676833052,-0.026138842301469473,1.5707916065912904,0.9999143272493212,-0.0007335610801977935,0.013069043841924212,4.313658007909688,2.720722735604698e-05,966.5790830842556,0.02214950874140098,6.352445325405529,0.01677496402075587,127.87932905911653
1.282149272621626,-0.0047314131189682305,-0.0175066472561913,-5.907907040932365e-06,8.501064026960176e-05,3.1400192386917074,-0.02574498861216468,1.570791133329878,0.9999168411308811,-0.0007866756151394016,0.012872132785181189,4.4551337002652005,0.0004478437112096045,969.439350962086,0.022392294384719458,6.42003291186618,0.02114067658214958,130.31770659324292
1.3045415670063454,-0.004605391735743502,-0.01680807009611899,-6.3466915289316155e-06,0.00016057084508028916,3.139914719032201,-0.025360482805022417,1.570790645471125,0.9999192548772003,-0.0008389357524304456,0.01267989475347286,4.5996768529339125,0.0009751922661131477,972.3863790446923,0.022619573790124026,6.487195941314326,0.02584132319782257,132.79904146431014
1.3271611407964694,-0.004367089517487878,-0.01604251681394839,-6.7419964682588764e-06,0.00014968598593618785,3.139812949243884,-0.02498892958896746,1.5707901510591722,0.9999215492635832,-0.0008898211785183121,0.012494132014183628,4.747190218578815,0.0016204715672615585,975.4193939053066,0.022832068661026828,6.553548816959838,0.031202578113998788,135.29510342181183
1.3499932094574962,-0.0039609281587645664,-0.015260798340187884,-7.0777988178584955e-06,0.00010164456133202243,3.139717569976236,-0.024631557174644346,1.5707896554808236,0.9999237222544521,-0.000937511648070362,0.01231545871037859,4.897605611882502,0.002404371575416558,978.5384147650599,0.023049045009213343,6.619439869734664,0.03740037340594474,137.8123602186813
1.3730422544667096,-0.0034672721613686723,-0.014382530613099737,-7.342139129643974e-06,0.00015380426116826261,3.139631980643792,-0.02428960174998407,1.570789165472649,0.9999257722689483,-0.0009803075042475876,0.012144492979355052,5.050941941915172,0.003344804329561751,981.7445377389234,0.02327915640362388,6.683252447712339,0.04406147458642642,140.2943415959662
1.3963214108703335,-0.002973534409543025,-0.013321890453649596,-7.53520123796136e-06,0.00013515621768203417,3.1395570374287387,-0.023966798661292744,1.5707886933238275,0.9999276819462223,-0.001017780562458124,0.011983102434937077,5.207281389324056,0.004452822977927244,985.040604047549,0.02349942278955086,6.745680039332371,0.05095330730674403,142.7778445193035
1.4198208336598843,-0.002520933643452681,-0.012042752725716983,-7.660368545859822e-06,5.319969177333189e-06,3.139492694906806,-0.023668258509938186,1.570788254345693,0.9999294262616392,-0.0010499533904665564,0.011833842274373351,5.36653715713839,0.005733779713657067,988.4256928014895,0.02372615550921653,6.805749593159137,0.05784155628698485,145.22477778152376
1.4435469891691008,-0.0021809861138158172,-0.010480915589930698,-7.724252465071458e-06,0.00016917192316901497,3.139437166372722,-0.023400524569149445,1.570787867181477,0.999930971923973,-0.001077719119964416,0.011699983979555894,5.5287461136389044,0.00718960905472066,991.9019612943433,0.023985880995657904,6.865566744253308,0.06467373720621475,147.72935435595656
1.4675328701647588,-0.0019426019740698417,-0.008653471267586326,-7.734473801261162e-06,0.00021600444930270667,3.1393878350550715,-0.023170658790510702,1.5707875515877494,0.9999322831441053,-0.001102385892956091,0.011585058357027856,5.694164228259863,0.008824592425327665,995.4770993298011,0.024209148310440742,6.924971196039638,0.07144199702049975,150.27940753731824
1.4917420184751995,-0.0017516081055817467,-0.006630393119151571,-7.69948489989365e-06,0.00022524377107043455,3.139343222926074,-0.022985313460882555,1.5707873258689058,0.9999333276287776,-0.001124692539809873,0.011492391407832302,5.862548677194403,0.010638878149634495,999.1473881817697,0.024423156104366628,6.9835928386876365,0.0782384855925118,152.84601157369485
1.5161651745795661,-0.001574824537106559,-0.004463249444389514,-7.62662329455057e-06,2.904512108235704e-05,3.1393024461038492,-0.02284979739209699,1.5707872057162404,0.9999340808962991,-0.0011450808618379018,0.011424637439792221,6.033851375783113,0.012636465168798778,1002.9132488034737,0.024636799183690883,7.041846376468088,0.08516737848171853,155.43489216037003
1.540801973763257,-0.0012872706445364445,-0.00229799797353454,-7.529638199656001e-06,4.41412546395453e-05,3.1392669482013527,-0.022766596191933913,1.5707872006534924,0.9999345348217207,-0.0011628290336815274,0.011383039255076622,6.208089818882691,0.014828339711924678,1006.7761152859706,0.024900648186557683,7.100953701708964,0.09266889715597004,158.07368442643602
1.5657026219498147,-0.0008841095348700173,-0.00016015336889601585,-7.412241504646192e-06,6.194020735538009e-05,3.1392397136989594,-0.022736091691529174,1.5707873155803747,0.9999346923963207,-0.0011764448746078664,0.011367787826448997,6.385700305784057,0.01723999390148908,1010.7476066645974,0.025163563858086935,7.162449053309114,0.10087677911433277,160.81953735057257
1.5908661858079016,-0.0003890012691163575,0.0019422951167974017,-7.282128703803642e-06,0.00010626035042603423,3.13922351475136,-0.022758664333354817,1.5707875540201348,0.9999345544727681,-0.0011845423615917798,0.011379073405484651,6.5667414166514275,0.01988903362661464,1014.8304243691816,0.025424776696894247,7.224649637683002,0.10950353562982632,163.5908612709042
1.6162909625047959,0.0001824327586631147,0.003988090534279261,-7.152597996019174e-06,0.00015901249921086762,3.1392207974221438,-0.0228341938912578,1.570787916845567,0.9999341224240587,-0.001185898521288333,0.011416835895574308,6.7512663630041,0.022790753655817484,1019.026913405646,0.02567743278374679,7.288757861004351,0.11856770971869549,166.4305427901703
1.6419683952885427,0.0007838743305293984,0.005980223183986114,-7.039204794798376e-06,0.00036558462355360026,3.1392331571832317,-0.022962363806163066,1.5707884025560865,0.9999333960365661,-0.0011797156635112503,0.011480917004193191,6.9392720071647,0.025954927104779688,1023.3377930543342,0.025919054216765325,7.352398191083834,0.12762289116379175,169.22789551280985
1.667887449505308,0.0014451759508641413,0.00784090437388181,-6.960196518985878e-06,0.0007180983891106541,3.1392616784586678,-0.02314208476089097,1.5707890058121894,0.9999323770448876,-0.0011654516343159783,0.011570772051550049,7.130696172511463,0.029383382776537258,1027.761296306986,0.026109407736362833,7.416323091313729,0.13674999540321112,171.99891521935092
1.6939968572416708,0.002299304946692114,0.00938458954455505,-6.9382150704343e-06,0.00016329948138012638,3.139310133805136,-0.02336773304916161,1.5707897083207414,0.9999310931658528,-0.001141220411005631,0.011683589308330977,7.325196877507874,0.03307965344028762,1032.288837344536,0.02620911998510156,7.480082665484764,0.14618406387257582,174.69461031336667
1.7202059772267724,0.003245805151228444,0.010651070050497343,-6.997466942078009e-06,9.340063526735168e-05,3.1393830127732985,-0.023630543363386186,1.57079048193727,0.9999295901757311,-0.0011047775960382757,0.011814986340912683,7.5221201698023625,0.03703950627906838,1036.9037490111605,0.02645462094792772,7.544739457877246,0.15567036903503187,177.36224598926168
1.7466605981747,0.004050084904210149,0.011831254953859609,-7.152314110823685e-06,0.00013950681273878837,3.1394798693041297,-0.023928156239344984,1.5707913128833517,0.99992787329405,-0.001056346334399334,0.01196378337659756,7.722601688485943,0.041278156921148126,1041.631965688111,0.02672091299433199,7.609511796351317,0.16441417273749487,179.98808009189798
1.773381511169032,0.004772100868915821,0.012814645575250668,-7.40163434671088e-06,0.0003298762550587746,3.1395976568531943,-0.02425820728703245,1.5707921858123333,0.9999259458321296,-0.0009974499428015687,0.012128798150592084,7.92686118079248,0.045785504743687665,1046.4783578672386,0.02697756554321673,7.677065864590805,0.17272778745208625,182.66568282976007
1.8003590767122488,0.005533482613966732,0.01343047093440228,-7.744832778641166e-06,0.00017172571704210528,3.1397365861387234,-0.02461310280535858,1.5707930743753482,0.999923844741457,-0.0009279833298260078,0.012306233956253826,8.134960987503387,0.05055933181422536,1051.4446489703896,0.027185326181272007,7.748788984800123,0.1809597009720752,185.42630878753542
1.8275444028935208,0.006265871416091041,0.013696011647210241,-8.17607456173108e-06,0.0001298782709883664,3.139897164469637,-0.024982536639058934,1.5707939479400301,0.9999216258016259,-0.000847693178921298,0.012490937986217643,8.346676213367227,0.05558980861036589,1056.5255554788057,0.02743768057295104,7.825124405049545,0.18884742064263058,188.28550487253122
1.8549820834664719,0.006899049356316124,0.013638889537475525,-8.676207299125419e-06,7.547201332365233e-05,3.1400780224455787,-0.02535829049516541,1.570794783527099,0.9999193339666423,-0.0007572644106317488,0.01267880131207312,8.562516596425604,0.060874768562382935,1061.7334855329677,0.027703859474125903,7.906030112285068,0.1960842378417447,191.24025984423506
1.8826859429405978,0.007356306664185984,0.013296619720435538,-9.213399888715089e-06,0.000224565386112704,3.140275969501797,-0.025732002660709363,1.5707955617074296,0.9999170174541137,-0.000658292429876449,0.012865643333300947,8.782726599239492,0.06639697904217547,1067.0739633797573,0.027987693267827796,7.9889598574425,0.20221238461712632,194.1919697693428
1.9106736362084256,0.0075758348596201945,0.012700486852173776,-9.745472950223765e-06,0.00019230032320321922,3.140485587902953,-0.026096289596331538,1.5707962697649267,0.9999147209799596,-0.0005534860672680516,0.013047772536637766,9.007543208325208,0.07212893839960256,1072.5517865999736,0.028232707222323183,8.073738498120367,0.20700196897926398,197.1378269915225
1.9389063434307487,0.0074137282414917,0.011975014716361445,-1.0223250276212864e-05,2.343295483955007e-05,3.140698164939208,-0.026444815280276354,1.570796901320963,0.999912485238344,-0.0004472014164312891,0.013222021166117811,9.236720571004534,0.078020833693472,1078.1597832985362,0.028488975414530993,8.158478139223352,0.20995323346312905,200.0215577707692
1.9673953188452797,0.006869336431557157,0.011120417846626563,-1.0599865344877751e-05,0.000154188036835747,3.1409022053431115,-0.026774360305576485,1.570797459543259,0.9999103334599946,-0.0003451856000745001,0.013386779686693263,9.470402523847588,0.08402331270716144,1083.9004210908442,0.028795678335347796,8.243732728161746,0.21111322649281794,202.86750763981925
1.9961909971806275,0.006129474976220079,0.009969068763153342,-1.0842773259455733e-05,0.00030155483232869,3.1410897376892204,-0.02707871136296258,1.5707979503596876,0.9999083127138083,-0.00025142390941384747,0.01353894180208607,9.709080343481709,0.09010561696163522,1089.7846938149464,0.02906803130591773,8.331277220068804,0.21109565619682238,205.72619349712232
2.0252590284865453,0.0053229236125083524,0.008433085492293584,-1.0934977426767527e-05,0.00019118622703735401,3.1412559637969077,-0.027347350173045775,1.57079838036574,0.9999065025945288,-0.00016831511872886535,0.01367324897647105,9.952608264678702,0.09623202901150232,1095.808380334607,0.02930012359721701,8.421886261045968,0.21033168396645893,208.62021745006822
2.0545591520837623,0.004621975302080278,0.006405650333982003,-1.0879530994681415e-05,0.0006315604907263466,3.1414014033049984,-0.027565786063115584,1.5707987588014067,0.9999050128627068,-9.559930001819439e-05,0.013782456703854492,10.200780478114085,0.10238149816736446,1101.965335028935,0.029566407155963592,8.515679125124722,0.2093657215479604,211.54691640086077
2.084125559239726,0.0036939326061979022,0.004283018805917591,-1.068934489167857e-05,0.0003821663860689689,3.1415253288336666,-0.027723431279520042,1.5707990990542917,0.9999039273912698,-3.363993052325733e-05,0.013861271767930686,10.454026537320006,0.1085454287725795,1108.2657078145949,0.029704907888554732,8.61262233974474,0.20731540745743962,214.5514029140793
2.1138304671282806,0.002380165460853456,0.002327866121886171,-1.0391541144471551e-05,0.0002731879699222489,-3.141568940824497,-0.02782115335050199,1.5707994148690003,0.9999032494167049,1.1876713289920567e-05,0.013910128034588234,10.71140847861231,0.1146546856883862,1114.6873095982023,0.02991813970236601,8.713832855962599,0.20379754583392906,217.7084196940199
2.1437486068306466,0.000775572642070041,0.0005541277920642392,-1.003015069890066e-05,0.0003330535554601497,-3.141521139065484,-0.027863717713570532,1.5707997186212788,0.9999029525826059,3.577741847881659e-05,0.013931408103646396,10.97370294466829,0.12068501050731958,1121.2508471340823,0.03016550648060079,8.817564894865942,0.1991813177468181,220.96198529028925
2.1739141133112474,-0.001007879698388248,-0.0010215731585082695,-9.656963547850517e-06,0.00015299284538599693,-3.141524534555977,-0.02785625056939996,1.5708000161925653,0.9999030046485196,3.408190567237729e-05,0.013927674892431182,11.241326605312556,0.1266146044250504,1127.9681297411282,0.03039685976003126,8.922938058804705,0.19393747132185274,224.28828571842914
2.2043109730712787,-0.0027988851900505457,-0.002422079670740533,-9.321495017213417e-06,5.5451089149555164e-05,-3.1415825242705386,-0.027803363316802988,1.5708003067272096,0.999903373164754,5.091833230263279e-06,0.013901233886801848,11.514210095205163,0.13242981941897297,1134.8384391082977,0.030684720196736848,9.028973188786447,0.18873689543030972,227.65626627303035
2.2349956932680155,-0.004505439608212573,-0.0035949677589787923,-9.062943485067975e-06,0.00028617014012810864,3.1414903263215272,-0.02771036815859121,1.5708005845050104,0.9999040171630228,-5.112922861194103e-05,0.013854740886626079,11.792940476742837,0.13814712251075278,1141.8778930767462,0.03100523710734926,9.134868630902051,0.18403704190545128,231.04755534944724
2.2660009303753648,-0.006059924328062658,-0.004459803266450638,-8.903177294895698e-06,0.0003862927245298383,3.141326151214957,-0.027584435576194822,1.5708008399034594,0.9999048799964751,-0.00013320739145178205,0.013791780699042999,12.077833380240309,0.14379185713513548,1149.0954560211205,0.031257566985052776,9.238480063715143,0.1802149680092613,234.39743688064118
2.2972584973604175,-0.007496142855474004,-0.004840800188705719,-8.839902865840635e-06,0.0002225235044275224,3.1411138899160616,-0.027437698575919146,1.5708010630666815,0.9999058694188442,-0.00023932682120523046,0.013718419135568479,12.36824849752663,0.14937800764186518,1156.4761556927365,0.03148065451476034,9.340187897447274,0.1773613354906878,237.74136920598377
2.328739151875178,-0.008761953330208547,-0.004673252749931886,-8.840164108750528e-06,0.0005678707309849047,3.140857433563629,-0.027286454930579507,1.5708012507542253,0.9999068650628361,-0.00036754220399569604,0.01364280419926431,12.663914779476828,0.15493406129608503,1164.01508018596,0.03175688985877967,9.440377682858426,0.17579661616792788,241.10199705198178
2.3604960417339576,-0.009786740499258447,-0.0039443531480416495,-8.84569153007111e-06,0.0002495005498256793,3.140562084926821,-0.027148225003152684,1.570801411570123,0.9999077404173047,-0.0005152023275699512,0.013573695160129708,12.965335343401607,0.16051468846807798,1171.7272619345063,0.03192587756464693,9.538740467032026,0.1758616064341429,244.46856609039753
2.3924219192986045,-0.010408118695020677,-0.002771313028486647,-8.78664462888087e-06,0.00014314577060455864,3.1402384758831148,-0.027040000924083225,1.5708015666858257,0.9999083770027773,-0.0006769914992971001,0.013519587252766712,13.271450378833732,0.1661604410173936,1179.587145689017,0.032197406977797716,9.634106152932773,0.1780610519612927,247.78480008341592
2.424619326276402,-0.010367775409280876,-0.0014151821848764675,-8.605522310692902e-06,8.786302597379153e-05,3.1399011903477962,-0.02697321474221732,1.570801747866239,0.999908699518078,-0.0008456180520802976,0.01348619600056504,13.583174720348318,0.17196635122159948,1187.6189025547535,0.03250548922822061,9.725769434098959,0.18304915063239147,250.99270017776144
2.457124815504623,-0.009213254414149889,-0.00037861983323671787,-8.301335779795842e-06,0.0006786715703092482,3.1395800143330006,-0.026945025506195958,1.5708019724107607,0.9999087408134574,-0.001006190102963027,0.013472101212850947,13.900854618309245,0.17805669241904692,1195.8311481630344,0.03283448930328747,9.81749002390014,0.19213346069558473,254.1756929895541
2.4899593048079103,-0.007378476479751102,0.0006423536056474484,-7.910030995224301e-06,1.4884075043913117e-05,3.139306376832992,-0.026949080683227787,1.570802249134965,0.9999085664727689,-0.0011429944558955106,0.013474127179350388,14.224822721807163,0.18456451818410421,1204.2331544242336,0.03297283034146581,9.913515463218953,0.20445525042530882,257.5164242778825
2.522932135149376,-0.005127242792381343,0.0017094570839383176,-7.467673522439346e-06,0.0005173068122965453,3.1390991101559704,-0.026988000363371047,1.5708025975740278,0.9999081802598792,-0.001246615576911609,0.013493584090610905,14.55337556818771,0.1915459996621136,1212.7827787847195,0.03333062377440976,10.012243088113154,0.21906250021486962,260.9589332787834
2.556262758923786,-0.002525992335480395,0.0026808005160656808,-7.024769534258399e-06,0.0006694089050199162,3.138970863128084,-0.027061612702011687,1.5708030291929658,0.9999076009458225,-0.0013107295131267447,0.013530386245611514,14.88883784798922,0.19912385164225355,1221.5416185720308,0.033524839048562516,10.11402188671264,0.2355446732879512,264.4950541259572
2.5897875979723484,0.00047632632533770947,0.003225297657963328,-6.6448025044042804e-06,0.00011693432250155025,3.1389354086431034,-0.027162216007923658,1.5708035255917703,0.999906895691362,-0.0013284506722147187,0.013580683304991079,15.229700769017036,0.20732421191940978,1230.4704964024968,0.03366919402011215,10.21809419126933,0.2535672169999485,268.06147640220456
2.6234567919924605,0.00362563660854472,0.003307168957918215,-6.3739735949130024e-06,0.00013223878185471575,3.1390053970729475,-0.02727257747725816,1.5708040359475892,0.9999061906568498,-0.0012934550650252018,0.01363585971113625,15.575586628969425,0.21618221242806948,1239.5586489053596,0.03400018431041385,10.324324883229359,0.272065578436032,271.64702106649764
2.6574569763028744,0.0062548185225969,0.003326434622951788,-6.210119118630315e-06,0.00017500737339491433,3.1391753738916055,-0.02738542892837277,1.570804533852114,0.9999055259728945,-0.001208470065765078,0.01369228155090315,15.928483753070994,0.22572943880283952,1248.857556393005,0.03432922490826806,10.431215871109071,0.28884650049280053,275.23165181645777
2.6917862012111424,0.007773230342984821,0.0036115480328728815,-6.131728025738168e-06,0.00017786694616142934,3.1394200639335654,-0.027503403373847393,1.570805017025081,0.9999048569335317,-0.0010861321510631918,0.013751264867911138,16.288483040203204,0.23589039828596026,1258.3701195311214,0.03464676770744024,10.538968918869601,0.3021369088222517,278.8526716581419
2.7264329689185827,0.008025415793565667,0.004112324579339242,-6.117204386836984e-06,0.000263309691549667,3.139696589213547,-0.02763761516795864,1.5708055016707112,0.9999040725078654,-0.0009478781388324338,0.013818365921623657,16.65556342105078,0.24653213467819077,1268.0968941187596,0.034966257004557466,10.64680525983241,0.31125930693134357,282.4756121659824
2.76139922592314,0.007359213216994337,0.004364844654676842,-6.118938033207584e-06,0.00035624263630356387,3.139967974343099,-0.0277868682896312,1.5708059775666856,0.9999031579231538,-0.0008121940943137152,0.013892986515308533,17.029788269165262,0.2575284913704883,1278.0388975181986,0.0352588162881422,10.75466740008918,0.3169607266561955,286.05423802978
2.7966580422112823,0.006117120259338416,0.004021188260026249,-6.0689737181483e-06,0.00038196428126416386,3.1402067859519334,-0.027936757162783838,1.57080641786497,0.9999022037670467,-0.0006927956878391847,0.013967924486697482,17.41094208228124,0.26876938671291195,1288.1888123935312,0.035521056330637624,10.862314780900386,0.32013567279244154,289.54948791092363
2.83217909854192,0.004507651038003888,0.0030023824835789205,-5.911906177996915e-06,0.0003021133502572943,3.1403963163418926,-0.028063363783888934,1.5708067945534487,0.9999013787118346,-0.0005980362653935014,0.01403122207130332,17.7987842066697,0.2801737076817198,1298.5379850931984,0.03577611020276361,10.972275483438365,0.3216049387486118,293.0480600078561
2.8679552087446836,0.0025739613084668554,0.0015322329548835346,-5.640083475286476e-06,0.0008516803139014553,3.140524640342479,-0.028144557957659213,1.5708070937501857,0.9999008445746874,-0.0005338779694480267,0.014071815398065488,18.19345656435932,0.2916919150278967,1309.089442848754,0.036061563009868625,11.087484463985135,0.3218497782898028,296.67858382021984
2.904016771754552,-0.00011632469758418931,0.00042981282539525574,-5.307062203836986e-06,0.0008826252926277151,3.1405708728488366,-0.028178350305027768,1.5708073263620659,0.9999006187465249,-0.0005107621571366772,0.014088709999513054,18.595404730800823,0.3032717208451098,1319.855198131577,0.03615111096993706,11.20089960105448,0.3199617838806517,300.2639692473181
2.9401678827244893,-0.0027430296954446148,-0.0005658051102653435,-4.974505219621836e-06,0.00023676369875409855,3.1405171222542005,-0.028176527023647927,1.5708075099956753,0.9999006175021421,-0.0005376335017897937,0.014087798448057041,19.00243134059657,0.3148038849123906,1330.776859724597,0.03622969434161982,11.314182105842812,0.3182068621648929,303.85004511013824
2.976397577066109,-0.004814565403008496,-0.0013874888873251336,-4.693336467453226e-06,0.00027831956039949825,3.140380229517082,-0.02813816998485799,1.570807640857789,0.9999008483601444,-0.0006060724170451052,0.014068621703631618,19.414476823861992,0.32633116194876305,1341.8532277428926,0.03654244221500713,11.427593787449648,0.3180583946916961,307.455741237583
3.012940019281116,-0.006784733428788067,-0.0011175730252253242,-4.459492895766653e-06,0.0003598812258253011,3.1401665415359976,-0.028089773315221663,1.5708077452338756,0.999901118042185,-0.0007129054566359077,0.014044425415746999,19.834204534501506,0.33796599147292605,1353.1578998056073,0.03684270431484027,11.540054131769748,0.31887671124101424,311.11370583320013
3.0497827235959565,-0.007334117732351405,-0.0006728126014630793,-4.214916548478136e-06,0.00037669891338638293,3.139901105525899,-0.028056701666270147,1.5708078544210025,0.9999012467202455,-0.0008456098564693865,0.01402789057717614,20.26148269845998,0.34979190402635424,1364.689181017008,0.03711538408638804,11.651419942970646,0.3237819638480713,314.74068114477905
3.0868981076823445,-0.005330336292521251,-0.0010511443650788464,-3.958079954445898e-06,0.00016735384822225187,3.13965748088195,-0.02802869748822856,1.570807954446294,0.999901332618131,-0.0009674097122867716,0.014013889072190405,20.69605569582286,0.36199243623912186,1376.4396351165972,0.03738384006278572,11.762108398640763,0.33450808328985104,318.29265599777534
3.1242819477451302,-0.0007383370522138725,-0.0025848754922363423,-3.694028103558684e-06,0.00044012895498796764,3.139537199968854,-0.027963874082990257,1.570807965284535,0.9999017263178513,-0.0010275448120657571,0.013981480076497048,21.13797008304165,0.3748014448424086,1388.4085040145305,0.03773249900851816,11.876389566756561,0.3512986224234883,321.89501316248595
3.1620144467536484,0.005416483349117873,-0.004837850679845057,-3.2545468565135388e-06,0.0002659313211277972,3.1396237543186842,-0.027824326287549165,1.5708078122963838,0.9999027429577438,-0.000984274317340747,0.01391171328036691,21.588342652675045,0.38843673117945515,1400.6248291331256,0.03798148484403452,11.99186174841367,0.37130745680955585,325.4995002263197
3.199995931597683,0.01032945917930417,-0.005949304974910307,-2.455520432585785e-06,0.00012760441820047815,3.1399305866228877,-0.02761368516464852,1.5708075348218078,0.9999043418362887,-0.0008308768083060988,0.01380640381162716,22.04603183830489,0.4028842730698411,1413.0586430699157,0.038298276512889196,12.104133154440964,0.3882362244748586,329.0886223717478
3.238294208110572,0.012316591696336294,-0.005213191829430709,-1.5038354583617356e-06,0.00026584807384746325,3.140374957610778,-0.027394177464847114,1.5708072893879939,0.9999060110468292,-0.0006087157642764829,0.013696661248867249,22.511753412905474,0.4179743400193638,1425.7335023871312,0.03867068726160605,12.211409002489862,0.3982417200348005,332.6494805608444
3.276964895372178,0.010701759366056145,-0.002730616938454525,-8.17096800645731e-07,6.02826930098309e-05,3.140832583265518,-0.02723491118479355,1.5708071695797117,0.999907211691038,-0.0003799260943174137,0.013617035813862841,22.986035537688814,0.43343692993852034,1438.6678513933246,0.03899325954425503,12.312650121221424,0.3998338194369782,336.1311331802847
3.315958154916433,0.005657750148213915,0.0010220032578161643,-6.258632496378586e-07,0.0004240748455214589,3.1411595508533754,-0.027200343356362375,1.5708071686772556,0.9999074956468442,-0.0002164576161897162,0.013599753278241936,23.468069486554032,0.4489264210247622,1451.842523507458,0.03939867921229645,12.406748362064624,0.39359437067968045,339.4476995500671
3.3553568341287296,-0.00041222663791411814,0.004040959809561474,-6.381496149527369e-07,0.0002916956002823002,3.141262384418626,-0.02730491639694134,1.5708072275176923,0.9999067930040965,-0.00016504478686530188,0.013652034803300446,23.95882592087126,0.46425824166884855,1465.2843816410075,0.03966498479562475,12.502975500031518,0.3846106844289446,342.78981317965446
3.3950218189243544,-0.006366021022115048,0.006174324173097524,-3.805101851518569e-07,0.0002877740094185423,3.1411261754442665,-0.02750963968325381,1.5708073245830123,0.9999053767618656,-0.00023314137324198563,0.013754387029820379,24.456806444202176,0.4793350700729874,1478.9512776920733,0.039985598612874984,12.601944126835807,0.37574341005876705,346.15483105264536
3.4350074175372294,-0.01068080462706621,0.007241385548359049,3.4764607549567163e-07,0,3.1407760258886777,-0.027782866843743776,1.570807496588994,0.9999034322543497,-0.00040819686356211195,0.013890987772080346,24.96276575132015,0.49423423215928075,1492.8612490868907,0.039985598612874984,12.701738669056157,0.37036525850655094,349.45045797910666
